Dispensary,Address,Total Monthly Sales,May Sales,Territory,Tier
Ascend - Fort Lee,"469 West St, Fort Lee, NJ 07024, USA","$1,250,000+",,placeholder,Tier 1
Ascend - Rochelle Park,"174 NJ-17, Rochelle Park, NJ 07662, USA","$2,000,000+","$2,316.32",placeholder,Tier 1
Ascend - Wharton,"325 NJ-15, Wharton, NJ 07885, USA","$750,000+",,placeholder,Tier 1
Aunt Mary's,"100 Reaville Ave Suite 211, Flemington, NJ 08822, USA","$750,000+","$8,911.66",placeholder,Tier 1
Ayr Wellness - Eatontown,"59 Main St, Eatontown, NJ 07724, USA","$1,750,000+","$10,153.35",placeholder,Tier 1
Ayr Wellness - Union,"2536 US-22, Union, NJ 07083, USA","$750,000+","$4,584.98",placeholder,Tier 1
Ayr Wellness - Woodbridge,"950 US-1, Woodbridge, NJ 07095, USA","$1,750,000+","$11,357.27",placeholder,Tier 1
Bloc - Waretown,"501 U.S. 9, Ocean Township, New Jersey, USA","$1,000,000+","$5,933.98",placeholder,Tier 1
Breakwater - Cranbury,"2 Corporate Dr Suite E, Cranbury, NJ 08512, USA","$750,000+",,placeholder,Tier 1
Cannabist - Deptford,"1692 Clements Bridge Rd, Deptford, NJ 08096, USA","$1,000,000+","$10,264.09",placeholder,Tier 1
Cannabist - Vineland,"1062 N Delsea Dr, Vineland, NJ 08360, USA","$1,000,000+",$963.08,placeholder,Tier 1
Curaleaf - Bellmawr,"640 Creek Rd, Bellmawr, NJ 08031, USA","$2,500,000+","$10,550.02",placeholder,Tier 1
Curaleaf - Bordentown,"191 US-130, Bordentown, NJ 08505, USA","$1,250,000+","$6,136.62",placeholder,Tier 1
Curaleaf - Edgewater Park,"4237 US-130 South, Edgewater Park, NJ 08010, USA","$1,250,000+","$4,794.11",placeholder,Tier 1
Doobiez,"1612 Union Valley Rd, West Milford, NJ 07480, USA","$750,000+",$337.10,placeholder,Tier 1
Hashery LLC - Hackensack,"409 NJ-17, Hackensack, NJ 07601, USA","$1,250,000+",,placeholder,Tier 1
High Profile - Lakehurst,"145 NJ-70, Lakehurst, NJ 08733, USA","$1,000,000+",$701.33,placeholder,Tier 1
Indigo Dispensary,"302 Crescent Blvd, Brooklawn, NJ 08030, USA","$1,750,000+",,placeholder,Tier 1
Kind Kush,"279 US-46, Rockaway, NJ 07866, USA","$1,000,000+","$1,901.29",placeholder,Tier 1
New Era Dispensary,"80 Main St, South Bound Brook, NJ 08880, USA","$1,000,000+",$797.66,placeholder,Tier 1
Nirvana Dispensary - Mount Laurel,"1134 NJ-73, Mt Laurel Township, NJ 08054, USA","$1,500,000+",,placeholder,Tier 1
NJ Leaf,"546 Park Ave, Freehold, NJ 07728, USA","$1,500,000+",,placeholder,Tier 1
Nova Farms - Woodbury,"642 Mantua Pike, Woodbury, NJ 08096, USA","$1,750,000+",,placeholder,Tier 1
Phasal - Runnemede,"1100 N Black Horse Pike, Runnemede, NJ 08078, USA","$750,000+","$2,784.75",placeholder,Tier 1
Premo Cannabis Company - Keyport,"2 E Front St, Keyport, NJ 07735, USA","$750,000+",,placeholder,Tier 1
RISE Dispensary - Bloomfield,"26 Bloomfield Ave, Bloomfield, NJ 07003, USA","$2,250,000+",,placeholder,Tier 1
RISE Dispensary - Paterson,"196 3rd Ave #3c, Paterson, NJ 07514, USA","$2,000,000+",,placeholder,Tier 1
The Apothecarium - Lodi,"200 NJ-17, Lodi, NJ 07644, USA","$1,250,000+",,placeholder,Tier 1
The Apothecarium - Maplewood,"200 NJ-17, Lodi, NJ 07644, USA","$1,250,000+",,placeholder,Tier 1
The Apothecarium - Phillipsburg,"55 S Main St, Phillipsburg, NJ 08865, USA","$2,750,000+",,placeholder,Tier 1
The Social Leaf LLC,"334 Atlantic City Blvd, Toms River, NJ 08757, USA","$1,750,000+",$0.00,placeholder,Tier 1
Union Chill Cannabis Company - Lambertville,"204 N Union St, Lambertville, NJ 08530, USA","$750,000+",,placeholder,Tier 1
Valley Wellness,"407 US-202, Raritan, NJ 08869, USA","$1,250,000+","$2,334.86",placeholder,Tier 1
Zen Leaf - Elizabeth,"117 Spring St, Elizabeth, NJ 07201, USA","$3,000,000+",,placeholder,Tier 1
Zen Leaf - Lawrence,"3256 Brunswick Pike, Lawrence Township, NJ 08648, USA","$1,500,000+",,placeholder,Tier 1
Zen Leaf - Neptune,"2100 NJ-66, Neptune Township, NJ 07753, USA","$1,250,000+",,placeholder,Tier 1
Altitude Cannabis - Toms River,"225 Atlantic City Blvd, Toms River, NJ 08757, USA","$500,000+",,placeholder,Tier 2
Blue Oak - Bloomfield,"1025 Broad St, Bloomfield, NJ 07003, USA","$500,000+","$2,890.61",placeholder,Tier 2
Boone Town Provisions - Boonton,"677 Myrtle Ave, Boonton, NJ 07005, USA","$500,000+","$2,355.72",placeholder,Tier 2
Botera NJ,"2290 US-22, Union, NJ 07083, USA","$500,000+",,placeholder,Tier 2
Brotherly Bud,"500 N Black Horse Pike, Mt Ephraim, NJ 08059, USA","$500,000+",,placeholder,Tier 2
Brute's Roots,"6206 Black Horse Pike, Egg Harbor Township, NJ 08234, USA","$500,000+",,placeholder,Tier 2
Castaway Cannabis,"6006 US-130, Delran, NJ 08075, USA","$500,000+","$3,385.77",placeholder,Tier 2
City Leaves - Egg Harbor Township,"2516 Fire Rd Suite 3, Egg Harbor Township, NJ 08234, USA","$500,000+",,placeholder,Tier 2
Cookies - Harrison,"335 Angelo Cifelli Dr, Harrison, NJ 07029, USA","$500,000+",,placeholder,Tier 2
Cottonmouth Dispensary - Runnemede,"10 E Clements Bridge Rd, Runnemede, NJ 08078, USA","$500,000+","$2,953.29",placeholder,Tier 2
Daylite Cannabis,"1136 NJ-73, Mt Laurel Township, NJ 08054, USA","$500,000+",,placeholder,Tier 2
Earth and Ivy,"355 George St, New Brunswick, NJ 08901, USA","$500,000+",,placeholder,Tier 2
Enlighten Health and Wellness LLC,"785 Rte 70 W, Marlton, NJ 08053, USA","$500,000+","$3,389.74",placeholder,Tier 2
Evolve - Bordentown,"186 US-130, Bordentown, NJ 08505, USA","$500,000+",,placeholder,Tier 2
Hackettstown Dispensary,"321 Mountain Ave, Hackettstown, NJ 07840, USA","$500,000+",$154.23,placeholder,Tier 2
Hello High,"7685 Black Horse Pike, Hammonton, NJ 08037, USA","$500,000+",,placeholder,Tier 2
High Street - Hackettstown,"811 High St, Hackettstown, NJ 07840, USA","$500,000+","$3,509.93",placeholder,Tier 2
Honey Grove,"1337 Blackwood Clementon Rd, Clementon, NJ 08021, USA","$500,000+",,placeholder,Tier 2
HudHaüs Dispensary,"9001 Old River Rd, North Bergen, NJ 07047, USA","$500,000+",,placeholder,Tier 2
Joyleaf Recreational Weed Dispensary - Roselle,"711 E 1st Ave, Roselle Park, NJ 07204, USA","$500,000+",,placeholder,Tier 2
Midnight Greens - Blackwood,"5100 NJ-42 #1, Washington Township, NJ 08012, USA","$500,000+",,placeholder,Tier 2
Molly Ann Farms,"265 Belmont Ave, Haledon, NJ 07508, USA","$500,000+",,placeholder,Tier 2
Monteverde,"45 Bridge Avenue, Red Bank, New Jersey, USA","$500,000+",,placeholder,Tier 2
MPX NJ - Pennsauken,"5035 Central Hwy, Pennsauken Township, NJ 08109, USA","$500,000+","$3,731.10",placeholder,Tier 2
Ohm Theory,"213 Route 46 West, Elmwood Park, New Jersey, USA","$500,000+",,placeholder,Tier 2
Puffin Store NJ,"382 George St, New Brunswick, NJ 08901, USA","$500,000+",,placeholder,Tier 2
SilverLeaf Wellness,"1743 NJ-27 suite 2, Somerset, NJ 08873, USA","$500,000+",,placeholder,Tier 2
The Botanist - Egg Harbor Township,"100 Century Dr, Egg Harbor Township, NJ 08234, USA","$500,000+",,placeholder,Tier 2
The Botanist - Williamstown,"2090 N Black Horse Pike, Williamstown, NJ 08094, USA","$500,000+",,placeholder,Tier 2
Zen Leaf - Mount Holly,"600 High St, Mt Holly, NJ 08060, USA","$500,000+",,placeholder,Tier 2
A21 Dispensary,"2507 US-22, Scotch Plains, NJ 07076, USA","$250,000+","$3,060.64",placeholder,Tier 3 
ANJA - Highland Park,"225 Woodbridge Ave, Highland Park, NJ 08904, USA","$250,000+",,placeholder,Tier 3 
Bloc - Ewing,"1761 N Olden Ave, Ewing Township, NJ 08638, USA","$250,000+","$3,484.60",placeholder,Tier 3
Bloc - Somerset,"1075 Easton Ave, Somerset, NJ 08873, USA","$250,000+","$2,382.77",placeholder,Tier 3
Blue Violets - Hoboken,"628 Washington St, Hoboken, NJ 07030, USA","$250,000+",,placeholder,Tier 3
Camden Apothecary - Camden,"1201 Haddon Ave, Camden, NJ 08103, USA","$250,000+",,placeholder,Tier 3
Cannabis Clubhouse - Sussex,"49 Main St, Sussex, NJ 07461, USA","$250,000+","$2,161.09",placeholder,Tier 3
Cloud Nine Dispensary,"513 US-22, North Plainfield, NJ 07060, USA","$250,000+",,placeholder,Tier 3
Conservatory Cannabis Co,"2516 Fire Rd, Egg Harbor Township, NJ 08234, USA","$250,000+",,placeholder,Tier 3
Cream - Jersey City,"284 1st St, Jersey City, NJ 07302, USA","$250,000+",$421.87,placeholder,Tier 3
Dank Poet Dispensary LLC,"245 E Washington Ave, Washington, NJ 07882, USA","$250,000+",,placeholder,Tier 3
Downtown FLWR,"141 Newark Ave, Jersey City, NJ 07302, USA","$250,000+",,placeholder,Tier 3
Eastern Green Inc,"78 NJ-73, Voorhees Township, NJ 08043, USA","$250,000+",,placeholder,Tier 3
Elevated Herb - West Milford,"1846 NJ-23, West Milford, NJ 07480, USA","$250,000+",,placeholder,Tier 3
Garden Greenz - Jersey City,"190 Newark Ave, Jersey City, NJ 07302, USA","$250,000+",,placeholder,Tier 3
Ginger Hale Dispensary,"814 White Horse Pike Suite C, Oaklyn, NJ 08107, USA","$250,000+","$8,565.02",placeholder,Tier 3
Gynsyng,"14 S Center St, Merchantville, NJ 08109, USA","$250,000+",,placeholder,Tier 3
High Profile - Somerdale,"4 N White Horse Pike, Somerdale, NJ 08083, USA","$250,000+",$0.00,placeholder,Tier 3
High Rollers Dispensary,"120 S Indiana Ave, Atlantic City, NJ 08401, USA","$250,000+",,placeholder,Tier 3
Highway 90,"90 Old Marlton Pike W, Evesham, NJ 08053, USA","$250,000+",,placeholder,Tier 3
Holistic Re-Leaf,"321 Mt Hope Ave, Rockaway, NJ 07866, USA","$250,000+",,placeholder,Tier 3
Jersey Meds,"7 NJ-31, Pennington, NJ 08534, USA","$250,000+",$0.00,placeholder,Tier 3
Lemon 22 Dispensary - Scotch Plains,"2006 US-22, Scotch Plains, NJ 07076, USA","$250,000+",,placeholder,Tier 3
Med Leaf Dispensary - Egg Harbor City,"201 Philadelphia Ave, Egg Harbor City, NJ 08215, USA","$250,000+",,placeholder,Tier 3
Mountain View Farmacy,"74 Oak Ridge Rd, Oak Ridge, NJ 07438, USA","$250,000+",,placeholder,Tier 3
MPX NJ - Atlantic City,"153 S New York Ave unit b, Atlantic City, NJ 08401, USA","$250,000+","$3,576.68",placeholder,Tier 3
MPX NJ - Gloucester,"581 Berlin - Cross Keys Rd, Sicklerville, NJ 08081, USA","$250,000+","$2,888.10",placeholder,Tier 3
Natural Apothecary - Belleville,"27 Washington Ave, Belleville, NJ 07109, USA","$250,000+",,placeholder,Tier 3
Nightjar - Bloomfield,"549 Bloomfield Ave, Bloomfield, NJ 07003, USA","$250,000+",,placeholder,Tier 3
One Green Leaf - Gibbsboro,"95 Lakeview Dr N, Gibbsboro, NJ 08026, USA","$250,000+",,placeholder,Tier 3
Organic Farms - Camden,"2895 Mt Ephraim Ave, Camden, NJ 08104, USA","$250,000+","$1,280.82",placeholder,Tier 3
PLANTOPIA - Manalapan,"37 Main St, Englishtown, NJ 07726, USA","$250,000+",,placeholder,Tier 3
Pure Blossom,"2554 Pennington Rd, Pennington, NJ 08534, USA","$250,000+",,placeholder,Tier 3
Quality Roots - Marlton,"850 Rte 70 W, Marlton, NJ 08053, USA","$250,000+",,placeholder,Tier 3
Queen City Dispensary - Plainfield,"1353 South Ave, Plainfield, NJ 07062, USA","$250,000+","$2,564.56",placeholder,Tier 3
ReLeaf Cannabis New Jersey,"1024 S Black Horse Pike Unit A, Williamstown, NJ 08094, USA","$250,000+",,placeholder,Tier 3
Ript - Jersey City,"220 Broadway, Jersey City, NJ 07306, USA","$250,000+",,placeholder,Tier 3
RISE Dispensary - Paramus,"145 Rte 4, Paramus, NJ 07652, USA","$250,000+",,placeholder,Tier 3
ROOTS - Willingboro,"4402 US-130 Unit B, Willingboro, NJ 08046, USA","$250,000+","$4,268.73",placeholder,Tier 3
Rush budz,"77 Main St, South Bound Brook, New Jersey, USA","$250,000+",,placeholder,Tier 3
Ruuted,"14 Main St, Englishtown, NJ 07726, USA","$250,000+",,placeholder,Tier 3
Shore House Canna,"124 Sunset Boulevard, Cape May, New Jersey, USA","$250,000+",,placeholder,Tier 3
SoulFlora,"2713 NJ-23, Newfoundland, NJ 07435, USA","$250,000+",,placeholder,Tier 3
Sweetspot - Voorhees,"903 White Horse Rd, Voorhees Township, NJ 08043, USA","$250,000+",,placeholder,Tier 3
Taste of Earth,"108 Wheat Rd, Newtonville, New Jersey, USA","$250,000+",,placeholder,Tier 3
The Botanist - Collingswood,"35 E Crescent Blvd, Camden, NJ 08103, USA","$250,000+",,placeholder,Tier 3
THEO a Cannabis Co,"3059 NJ-27 Units 104/105, Franklin Park, NJ 08823, USA","$250,000+","$1,063.73",placeholder,Tier 3
Twisted Hat Cannabis,"515 Shell Rd, Carneys Point Township, NJ 08069, USA","$250,000+",,placeholder,Tier 3
Unity Rd - New Jersey,"441 Elizabeth Ave Suite 11, Somerset, NJ 08873, USA","$250,000+","$3,217.30",placeholder,Tier 3
URB'N,"378 South St, Newark, NJ 07105, USA","$250,000+",,placeholder,Tier 3
Village - Hoboken,"516 Washington St, Hoboken, NJ 07030, USA","$250,000+","$9,525.15",placeholder,Tier 3
1634 Funk,"394 Communipaw Ave, Jersey City, NJ 07304, USA","<$250,000",,placeholder,Tier 4
4TwentySomewhere,"1926 Union Valley Rd, Hewitt, NJ 07421, USA","<$250,000",,placeholder,Tier 4
A-Z Supply,"549 Bloomfield Ave, Bloomfield, NJ 07003, USA",0,,placeholder,Tier 4
AC Leef,"470 Albany Ave, Atlantic City, NJ 08401, USA","<$250,000",,placeholder,Tier 4
Andover Cannabis,"144-146 Main St, Andover, NJ 07821, USA","<$250,000",,placeholder,Tier 4
Aurum Botanics - Pemberton,"6 Fort Dix Rd, Pemberton, NJ 08068, USA","<$250,000",,placeholder,Tier 4
Baked by the River - Lambertville,"8 Church St, Lambertville, NJ 08530, USA","<$250,000",,placeholder,Tier 4
Bakin' Bad,"2834 Atlantic Ave C1, Atlantic City, NJ 08401, USA","<$250,000",,placeholder,Tier 4
Bay Street Greenery,"150 Bay St, Jersey City, NJ 07302, USA","<$250,000",,placeholder,Tier 4
BCAF Dispensary,"2600 US-22, Scotch Plains, NJ 07076, USA","<$250,000",,placeholder,Tier 4
BestBuds Dispensary,"135 S Broad St, Woodbury, NJ 08096, USA","<$250,000",,placeholder,Tier 4
Blossom Dispensary - Jersey City,"746 Tonnelle Ave, Jersey City, NJ 07307, USA","<$250,000",,placeholder,Tier 4
BluLight Cannabis - Woodbury Heights,"890 Mantua Pike, Woodbury Heights, NJ 08097, USA","<$250,000",,placeholder,Tier 4
Botera - Harrison,"701 Frank E Rodgers Blvd N, Harrison, NJ 07029, USA","<$250,000",,placeholder,Tier 4
Breakwater - Roselle Park,"154 Westfield Ave W, Roselle Park, NJ 07204, USA","<$250,000 ",,placeholder,Tier 4
Bud 2 Bloom NJ,"123 Ledgewood Ave Suite 1A, Netcong, NJ 07857, USA","<$250,000",,placeholder,Tier 4
Bud It Up,"34 Main St FL 2, Englishtown, NJ 07726, USA","<$250,000",,placeholder,Tier 4
Buddy's Dispensary - Andover,"203 Main St, Andover, New Jersey, USA","<$250,000",,placeholder,Tier 4
BudZooka,"142 Broad St, Elizabeth, New Jersey, USA","<$250,000",$898.12,placeholder,Tier 4
Canna Remedies - Trenton,"2175 Spruce St, Trenton, NJ 08638, USA","<$250,000",,placeholder,Tier 4
Cannabist - May's Landing,"4476 Black Horse Pike Suite 2, Mays Landing, NJ 08330, USA","<$250,000","$1,448.67",placeholder,Tier 4
CannaBoy TreeHouse - South Orange,"57 W South Orange Ave, South Orange, NJ 07079, USA","<$250,000",,placeholder,Tier 4
CannaVibes Dispensary - Elmwood Park,"1 US-46, Elmwood Park, NJ 07407, USA","<$250,000",,placeholder,Tier 4
Canopy Crossroad - Red Bank,"9 West St, Red Bank, NJ 07701, USA","<$250,000",,placeholder,Tier 4
Casa Verde Wellness,"315 US-46, Dover, NJ 07801, USA","<$250,000",,placeholder,Tier 4
Citi Roots,"4585 NJ-27, Kingston, NJ 08528, USA","<$250,000",,placeholder,Tier 4
CityLeaf Dispensary - Newark,"519 Broadway, Newark, NJ 07104, USA","<$250,000",,placeholder,Tier 4
Coastline Dispensary - Clementon,"1580 US-9 N , Cape May Court House, New Jersey, USA","<$250,000","$11,221.08",placeholder,Tier 4
CUZZIE’S DISPENSARY - Trenton,"2750 Mt Ephraim Ave, Camden, NJ 08104, USA","<$250,000",,placeholder,Tier 4
Design 710,"112 Park Pl, Atlantic City, NJ 08401, USA","<$250,000",,placeholder,Tier 4
Dogwood Green - West Orange,"5 Central Ave, West Orange, New Jersey, USA","<$250,000",,placeholder,Tier 4
Elevated by the Cannabosslady,"9 Highland Pl Suite #1, Maplewood, NJ 07040, USA","<$250,000",,placeholder,Tier 4
Emerald Tea Supply Company,"368B Broad St, Bloomfield, NJ 07003, USA","<$250,000",,placeholder,Tier 4
Everest Dispensary - NJ,"1226 Atlantic Ave, Atlantic City, NJ 08401, USA","<$250,000",,placeholder,Tier 4
Evergreen Natures Remedy,"1242 NJ-23, Butler, NJ 07405, USA","<$250,000 ",,placeholder,Tier 4
Feels of Green Dispensary,"474 US-206, Newton, NJ 07860, USA","<$250,000",,placeholder,Tier 4
Fire and Oak,"5 Washington St, Mt Holly, NJ 08060, USA","<$250,000",,placeholder,Tier 4
Floro Evesham - Marlton,"446 Rte 70 W, Marlton, NJ 08053, USA","<$250,000",$460.96,placeholder,Tier 4
Flower and Flame - Blackwood NJ,"601 College Dr, Blackwood, NJ 08012, USA","<$250,000",,placeholder,Tier 4
Fresh - Eatontown,"315 NJ-35 #5, Eatontown, NJ 07724, USA","<$250,000",,placeholder,Tier 4
Fresh - Elizabeth,"460 Maple Ave, Elizabeth, NJ 07202, USA","<$250,000",,placeholder,Tier 4
G2 Dispensary - Rockaway,"350 US-46, Rockaway, NJ 07866, USA","<$250,000","$3,046.69",placeholder,Tier 4
Garden State Botanicals,"1345 US-1, North Brunswick Township, NJ 08902, USA","<$250,000",,placeholder,Tier 4
Golden Door Dispensary - Jersey City,"638 Newark Ave, Jersey City, NJ 07306, USA","<$250,000",$906.19,placeholder,Tier 4
Got Your Six - Princeton,"4437 NJ-27, Princeton, NJ 08540, USA","<$250,000",,placeholder,Tier 4
Green Haven Dispensary,"1110 N New Rd, Pleasantville, NJ 08232, USA","<$250,000",,placeholder,Tier 4
Green Lightning Cannabis - Cinnaminson,"1503 Taylors Ln, Cinnaminson, NJ 08077, USA","<$250,000","$1,910.02",placeholder,Tier 4
Green Oasis Dispensary NJ,"632 White Horse Pike, Atco, NJ 08004, USA","<$250,000",,placeholder,Tier 4
Hashstoria - Newark,"799 Broad St, Newark, NJ 07102, USA","<$250,000",,placeholder,Tier 4
Hazy Harvest - Jersey City,"398 Pacific Ave, Jersey City, NJ 07304, USA","<$250,000",$0.00,placeholder,Tier 4
Herbalicity,"246 Raritan Ave, Highland Park, NJ 08904, USA","<$250,000",,placeholder,Tier 4
Herbs Premium Dispensary,"757 Franklin Blvd, Somerset, NJ 08873, USA","<$250,000",,placeholder,Tier 4
Holistic Solutions,"451 White Horse Pike, Atco, NJ 08004, USA","<$250,000",,placeholder,Tier 4
Honeybuzz Farms - Atlantic City,"1724 Atlantic Ave, Atlantic City, NJ 08401, USA","<$250,000",,placeholder,Tier 4
Island Vibez - Plainfield,"18 Roosevelt Ave, Plainfield, NJ 07060, USA","<$250,000",,placeholder,Tier 4
JC Element,"365 Central Ave, Jersey City, NJ 07307, USA","<$250,000",,placeholder,Tier 4
Jersey Roots Dispensary,"1433 Union Valley Rd, West Milford, NJ 07480, USA","<$250,000",,placeholder,Tier 4
Jester's Joint - New Brunswick,"70 Easton Ave, New Brunswick, NJ 08901, USA","<$250,000",$98.97,placeholder,Tier 4
Kine Buds - Maywood,"113 East Passaic St, Maywood, New Jersey, USA",0,,placeholder,Tier 4
La Vida Garden - Belleville,"523 Washington Ave, Belleville, NJ 07109, USA","<$250,000",,placeholder,Tier 4
Leaf Haus - Somerset,"900 Easton Ave Suite 18, Somerset, NJ 08873, USA","<$250,000",,placeholder,Tier 4
Legal Distribution,"3112 Atlantic Ave, Atlantic City, NJ 08401, USA","<$250,000",,placeholder,Tier 4
Mad Hatter Dispensary - Avenel,"845 US-1, Avenel, NJ 07001, USA","<$250,000",,placeholder,Tier 4
Main Street Dispensary,"311 Raritan Ave, Highland Park, NJ 08904, USA","<$250,000",,placeholder,Tier 4
Mass Grown - Mount Holly,"34 Mill St, Mt Holly, NJ 08060, USA","<$250,000","$4,405.46",placeholder,Tier 4
MMD - New Jersey,"655 Newark Ave, Jersey City, NJ 07306, USA","<$250,000",,placeholder,Tier 4
Moja Life - Trenton,"28 S Warren St, Trenton, NJ 08608, USA","<$250,000",,placeholder,Tier 4
Mountain Dispensary - Vernon,"46 NJ-94, Vernon Township, NJ 07462, USA","<$250,000","$2,337.30",placeholder,Tier 4
NAR Cannabis - Mount Laurel,"4004 Church Rd, Mt Laurel Township, NJ 08054, USA",0,,placeholder,Tier 4
Nature's Motivation,"1095 Clinton Ave, Irvington, NJ 07111, USA","<$250,000",,placeholder,Tier 4
Nevaeh Verde - Belleville,"176 Belmont Ave, Belleville, NJ 07109, USA",0,,placeholder,Tier 4
Nile - West New York,"5411 Bergenline Ave, West New York, NJ 07093, USA",0,,placeholder,Tier 4
NJ Pure,"4313 US-130 Unit B5, Edgewater Park, NJ 08010, USA","<$250,000","$3,766.30",placeholder,Tier 4
Noire Dispensary - Maplewood,"171 Maplewood Ave, Maplewood, NJ 07040, USA","<$250,000",,placeholder,Tier 4
Phula Dispensary,"60-62 High St, Mt Holly, NJ 08060, USA","<$250,000",,placeholder,Tier 4
Plantabis Dispensary,"2077 US-1, Rahway, NJ 07065, USA",0,,placeholder,Tier 4
Pure Natural Vibes,"470 Prospect Ave # 100, West Orange, NJ 07052, USA","<$250,000",,placeholder,Tier 4
Red Oak Dispensary EHT,"6106 Black Horse Pike Unit B2, Egg Harbor Township, NJ 08234, USA","<$250,000",,placeholder,Tier 4
Releaf Newton,"78 Mill St, Newton, NJ 07860, USA","<$250,000",,placeholder,Tier 4
Restore Dispensaries - Glassboro,"300 William Dalton Dr, Glassboro, NJ 08028, USA","<$250,000",,placeholder,Tier 4
Sanctuary Medicinals - Scotch Plains,"2581 US-22, Scotch Plains, NJ 07076, USA","<$250,000",,placeholder,Tier 4
Sanctuary Medicinals - Scotch Plains,"2581 US-22, Scotch Plains, NJ 07076, USA","<$250,000",,placeholder,Tier 4
Simply Pure - Trenton,"1531 N Olden Ave, Ewing Township, NJ 08638, USA","<$250,000",,placeholder,Tier 4
Sparkology - Franklin,"3231 NJ-27, Franklin Park, NJ 08823, USA","<$250,000",,placeholder,Tier 4
Spot 23 LLC,"2915 NJ-23, Newfoundland, NJ 07435, USA","<$250,000",,placeholder,Tier 4
Sunnytien LLC,"3004 Atlantic Ave, Atlantic City, NJ 08401, USA","<$250,000",,placeholder,Tier 4
Sussex Pharms LLC,"54 Main St, Sussex, NJ 07461, USA",0,,placeholder,Tier 4
Sweet Leaf - Atlantic City,"19 S Tennessee Ave, Atlantic City, NJ 08401, USA","<$250,000",,placeholder,Tier 4
Sweetspot Cannabis Dispensary - Maplewood,"751 Irvington Ave, Maplewood, NJ 07040, USA","<$250,000",,placeholder,Tier 4
The Botanist - Atlantic County Delivery Hub,"100 Century Dr, Egg Harbor Township, NJ 08234, USA",0,,placeholder,Tier 4
The Cannabis Place - New Jersey,"1542 John F. Kennedy Blvd, Jersey City, NJ 07305, USA","<$250,000",,placeholder,Tier 4
The Dispensary of Saddle Brook,"225 US-46, Saddle Brook, NJ 07663, USA","<$250,000","$5,340.20",placeholder,Tier 4
The Dispensary of Somerset NJ,"920 Hamilton St, Somerset, NJ 08873, USA","<$250,000","$2,643.08",placeholder,Tier 4
The Dispensary of Union NJ,"1603 US-22, Union, NJ 07083, USA","<$250,000","$3,655.43",placeholder,Tier 4
The Frosted Nug - Red Bank,"22 Bridge Ave, Red Bank, NJ 07701, USA","<$250,000",,placeholder,Tier 4
The Leaf Joint,"391 Central Ave, Jersey City, NJ 07307, USA","<$250,000",,placeholder,Tier 4
The Medicine Woman - Jersey City,"660 Tonnele Ave, Jersey City, New Jersey, USA",0,,placeholder,Tier 4
The Other Side,"36 Congress St, Jersey City, NJ 07307, USA","<$250,000",,placeholder,Tier 4
The Public Garden,"550 Bloomfield Ave, Bloomfield, NJ 07003, USA","<$250,000",,placeholder,Tier 4
The Station - Hoboken,"86 River St, Hoboken, NJ 07030, USA","<$250,000",,placeholder,Tier 4
The THC Shop - Atlantic City,"1740 Atlantic Ave, Atlantic City, NJ 08401, USA","<$250,000",,placeholder,Tier 4
Theory Wellness - Trenton,"461 New York Ave, Trenton, NJ 08638, USA","<$250,000 ",,placeholder,Tier 4
Timber 5,"695 Hamilton St Suite D, Somerset, NJ 08873, USA","<$250,000",,placeholder,Tier 4
Township Green,"15 E Scott St, Riverside, NJ 08075, USA","<$250,000",,placeholder,Tier 4
Tree House Co-op Dispensary,"326 NJ-73, Voorhees Township, NJ 08043, USA","<$250,000","$2,169.98",placeholder,Tier 4
Treeotics,"467 Lyons Ave, Newark, NJ 07112, USA","<$250,000",,placeholder,Tier 4
Uforia Dispensary - Jersey City,"138 Griffith St Ground Floor, Jersey City, NJ 07307, USA","<$250,000",$445.39,placeholder,Tier 4
Urge NJ Cannabis Dispensary,"941 Elizabeth Ave, Elizabeth, NJ 07201, USA","<$250,000",,placeholder,Tier 4
Voltaire - Mount Holly,"47 Mill St, Mt Holly, NJ 08060, USA","<$250,000",,placeholder,Tier 4
Woodbury Wellness,"818 N Broad St, Woodbury, NJ 08096, USA","<$250,000",,placeholder,Tier 4
XENA - Jersey City,"759a Bergen Ave, Jersey City, NJ 07306, USA","<$250,000",,placeholder,Tier 4
Yuma Way NJ - Garfield NJ,"517 River Dr Suite 3, Garfield, NJ 07026, USA","<$250,000",$130.87,placeholder,Tier 4
Zacate - Delanco,"4037 US-130, Delran, NJ 08075, USA","<$250,000",,placeholder,Tier 4
Bleachers,"1165 Route 27 Somerset, NJ 08873","(not in hoodie, leftover from hubspot, will reach out to hoodie ",,,
BluLight Cannabis - GLOUCESTER,"401 N BROADWAY, GLOUCESTER CY, CAMDEN NJ - 08030","(not in hoodie, leftover from hubspot, will reach out to hoodie ",,,
Cuzzie's --CLOSED--,"2318 BAIRD BLVD Camden, NJ 08105","(not in hoodie, leftover from hubspot, will reach out to hoodie ",,,
GREEN HAVEN INDUSTRIES,"402 ELIZABETH AVE, , ELIZABETH, UNION NJ - 07206","(not in hoodie, leftover from hubspot, will reach out to hoodie ",,,
Hudsonica Dispensary,"1427 Grand St., Hoboken, NJ","(not in hoodie, leftover from hubspot, will reach out to hoodie ",,,
Resinate,1191 Millbury Street,"(not in hoodie, leftover from hubspot, will reach out to hoodie ",,,
Royal M,"102 A East Front Street Plainfield, NJ 07060","(not in hoodie, leftover from hubspot, will reach out to hoodie ",,,
saintedswiss.com,319A Union Street,"(not in hoodie, leftover from hubspot, will reach out to hoodie ",,,
Scarlet Reserve,782 New Jersey 34,"(not in hoodie, leftover from hubspot, will reach out to hoodie ",,,
Sea & Leaf,"3860 Bayshore Rd, North Cape May, NJ 08204","(not in hoodie, leftover from hubspot, will reach out to hoodie ",,,
SPRINGFIELD AVE DISPENSARY,"1070 SPRINGFIELD AVE, IRVINGTON, 0711","(not in hoodie, leftover from hubspot, will reach out to hoodie ",,,
The Healing Side,"2415 Pacific Ave, Atlantic City, NJ 08401","(not in hoodie, leftover from hubspot, will reach out to hoodie ",,,
Voltaire,367 North Beverly Drive,"(not in hoodie, leftover from hubspot, will reach out to hoodie ",,,
,,,,,
,,,,,
,, ,,,